ad_date,campaign_id,campaign_name,channel,platform,impressions,clicks,spend_usd,source_updated_at
2026-01-01,PS_BRAND,Brand Search,Paid Search,Google Ads,4340,334,414.59,2026-01-02 06:00:00
2026-01-01,PS_GENERIC,Generic Search,Paid Search,Google Ads,6556,266,649.26,2026-01-02 06:00:00
2026-01-01,PS_COMPETITOR,Competitor Search,Paid Search,Microsoft Ads,2690,83,246.8,2026-01-02 06:00:00
2026-01-01,PAID_SOCIAL,Prospecting Social,Paid Social,Meta Ads,8287,120,191.11,2026-01-02 06:00:00
2026-01-02,PS_BRAND,Brand Search,Paid Search,Google Ads,4143,316,427.18,2026-01-03 06:00:00
2026-01-02,PS_GENERIC,Generic Search,Paid Search,Google Ads,7847,345,833.42,2026-01-03 06:00:00
2026-01-02,PS_COMPETITOR,Competitor Search,Paid Search,Microsoft Ads,2857,86,229.24,2026-01-03 06:00:00
2026-01-02,PAID_SOCIAL,Prospecting Social,Paid Social,Meta Ads,9917,135,241.44,2026-01-03 06:00:00
2026-01-03,PS_BRAND,Brand Search,Paid Search,Google Ads,3711,319,394.56,2026-01-04 06:00:00
2026-01-03,PS_GENERIC,Generic Search,Paid Search,Google Ads,5099,213,484.67,2026-01-04 06:00:00
2026-01-03,PS_COMPETITOR,Competitor Search,Paid Search,Microsoft Ads,2291,86,210.45,2026-01-04 06:00:00
2026-01-03,PAID_SOCIAL,Prospecting Social,Paid Social,Meta Ads,6878,102,167.24,2026-01-04 06:00:00
2026-01-04,PS_BRAND,Brand Search,Paid Search,Google Ads,3349,238,311.68,2026-01-05 06:00:00
2026-01-04,PS_GENERIC,Generic Search,Paid Search,Google Ads,5367,193,476.94,2026-01-05 06:00:00
2026-01-04,PS_COMPETITOR,Competitor Search,Paid Search,Microsoft Ads,2364,78,219.29,2026-01-05 06:00:00
2026-01-04,PAID_SOCIAL,Prospecting Social,Paid Social,Meta Ads,7632,112,194.46,2026-01-05 06:00:00
2026-01-05,PS_BRAND,Brand Search,Paid Search,Google Ads,4309,372,476.24,2026-01-06 06:00:00
2026-01-05,PS_GENERIC,Generic Search,Paid Search,Google Ads,7634,307,691.09,2026-01-06 06:00:00
2026-01-05,PS_COMPETITOR,Competitor Search,Paid Search,Microsoft Ads,2231,66,196.4,2026-01-06 06:00:00
2026-01-05,PAID_SOCIAL,Prospecting Social,Paid Social,Meta Ads,8841,119,217.9,2026-01-06 06:00:00
2026-01-06,PS_BRAND,Brand Search,Paid Search,Google Ads,5289,415,592.39,2026-01-07 06:00:00
2026-01-06,PS_GENERIC,Generic Search,Paid Search,Google Ads,7123,314,705.0,2026-01-07 06:00:00
2026-01-06,PS_COMPETITOR,Competitor Search,Paid Search,Microsoft Ads,3379,135,374.96,2026-01-07 06:00:00
2026-01-06,PAID_SOCIAL,Prospecting Social,Paid Social,Meta Ads,9507,132,233.82,2026-01-07 06:00:00
2026-01-07,PS_BRAND,Brand Search,Paid Search,Google Ads,4750,409,561.58,2026-01-08 06:00:00
2026-01-07,PS_GENERIC,Generic Search,Paid Search,Google Ads,7915,342,912.35,2026-01-08 06:00:00
2026-01-07,PS_COMPETITOR,Competitor Search,Paid Search,Microsoft Ads,3079,82,224.71,2026-01-08 06:00:00
2026-01-07,PAID_SOCIAL,Prospecting Social,Paid Social,Meta Ads,9556,142,236.91,2026-01-08 06:00:00
2026-01-08,PS_BRAND,Brand Search,Paid Search,Google Ads,5043,372,523.23,2026-01-09 06:00:00
2026-01-08,PS_GENERIC,Generic Search,Paid Search,Google Ads,7354,338,851.85,2026-01-09 06:00:00
2026-01-08,PS_COMPETITOR,Competitor Search,Paid Search,Microsoft Ads,3392,120,327.01,2026-01-09 06:00:00
2026-01-08,PAID_SOCIAL,Prospecting Social,Paid Social,Meta Ads,8754,109,182.97,2026-01-09 06:00:00
2026-01-09,PS_BRAND,Brand Search,Paid Search,Google Ads,4762,362,493.17,2026-01-10 06:00:00
2026-01-09,PS_GENERIC,Generic Search,Paid Search,Google Ads,6089,226,573.27,2026-01-10 06:00:00
2026-01-09,PS_COMPETITOR,Competitor Search,Paid Search,Microsoft Ads,2670,93,265.63,2026-01-10 06:00:00
2026-01-09,PAID_SOCIAL,Prospecting Social,Paid Social,Meta Ads,7528,98,162.19,2026-01-10 06:00:00
2026-01-10,PS_BRAND,Brand Search,Paid Search,Google Ads,4059,328,413.47,2026-01-11 06:00:00
2026-01-10,PS_GENERIC,Generic Search,Paid Search,Google Ads,5904,214,528.82,2026-01-11 06:00:00
2026-01-10,PS_COMPETITOR,Competitor Search,Paid Search,Microsoft Ads,2441,79,220.04,2026-01-11 06:00:00
2026-01-10,PAID_SOCIAL,Prospecting Social,Paid Social,Meta Ads,6137,73,132.74,2026-01-11 06:00:00
2026-01-11,PS_BRAND,Brand Search,Paid Search,Google Ads,4289,315,412.01,2026-01-12 06:00:00
2026-01-11,PS_GENERIC,Generic Search,Paid Search,Google Ads,6418,259,664.76,2026-01-12 06:00:00
2026-01-11,PS_COMPETITOR,Competitor Search,Paid Search,Microsoft Ads,2612,75,223.61,2026-01-12 06:00:00
2026-01-11,PAID_SOCIAL,Prospecting Social,Paid Social,Meta Ads,6032,69,118.1,2026-01-12 06:00:00
2026-01-12,PS_BRAND,Brand Search,Paid Search,Google Ads,4297,377,475.46,2026-01-13 06:00:00
2026-01-12,PS_GENERIC,Generic Search,Paid Search,Google Ads,7305,305,812.78,2026-01-13 06:00:00
2026-01-12,PS_COMPETITOR,Competitor Search,Paid Search,Microsoft Ads,2991,101,249.73,2026-01-13 06:00:00
2026-01-12,PAID_SOCIAL,Prospecting Social,Paid Social,Meta Ads,8344,130,231.21,2026-01-13 06:00:00
2026-01-13,PS_BRAND,Brand Search,Paid Search,Google Ads,4394,362,488.36,2026-01-14 06:00:00
2026-01-13,PS_GENERIC,Generic Search,Paid Search,Google Ads,7840,310,805.8,2026-01-14 06:00:00
2026-01-13,PS_COMPETITOR,Competitor Search,Paid Search,Microsoft Ads,2699,82,203.66,2026-01-14 06:00:00
2026-01-13,PAID_SOCIAL,Prospecting Social,Paid Social,Meta Ads,8046,84,121.28,2026-01-14 06:00:00
2026-01-14,PS_BRAND,Brand Search,Paid Search,Google Ads,5442,464,622.57,2026-01-15 06:00:00
2026-01-14,PS_GENERIC,Generic Search,Paid Search,Google Ads,6919,257,637.14,2026-01-15 06:00:00
2026-01-14,PS_COMPETITOR,Competitor Search,Paid Search,Microsoft Ads,2743,64,190.25,2026-01-15 06:00:00
2026-01-14,PAID_SOCIAL,Prospecting Social,Paid Social,Meta Ads,7693,111,173.34,2026-01-15 06:00:00
2026-01-15,PS_BRAND,Brand Search,Paid Search,Google Ads,5663,463,668.26,2026-01-16 06:00:00
2026-01-15,PS_GENERIC,Generic Search,Paid Search,Google Ads,6974,268,618.71,2026-01-16 06:00:00
2026-01-15,PS_COMPETITOR,Competitor Search,Paid Search,Microsoft Ads,2852,85,208.71,2026-01-16 06:00:00
2026-01-15,PAID_SOCIAL,Prospecting Social,Paid Social,Meta Ads,7337,104,174.31,2026-01-16 06:00:00
2026-01-16,PS_BRAND,Brand Search,Paid Search,Google Ads,4938,395,541.01,2026-01-17 06:00:00
2026-01-16,PS_GENERIC,Generic Search,Paid Search,Google Ads,7346,291,609.24,2026-01-17 06:00:00
2026-01-16,PS_COMPETITOR,Competitor Search,Paid Search,Microsoft Ads,2816,78,206.29,2026-01-17 06:00:00
2026-01-16,PAID_SOCIAL,Prospecting Social,Paid Social,Meta Ads,7940,109,172.93,2026-01-17 06:00:00
2026-01-17,PS_BRAND,Brand Search,Paid Search,Google Ads,3928,323,442.4,2026-01-18 06:00:00
2026-01-17,PS_GENERIC,Generic Search,Paid Search,Google Ads,6535,284,682.34,2026-01-18 06:00:00
2026-01-17,PS_COMPETITOR,Competitor Search,Paid Search,Microsoft Ads,2571,94,290.97,2026-01-18 06:00:00
2026-01-17,PAID_SOCIAL,Prospecting Social,Paid Social,Meta Ads,8134,119,198.45,2026-01-18 06:00:00
2026-01-18,PS_BRAND,Brand Search,Paid Search,Google Ads,4172,331,439.18,2026-01-19 06:00:00
2026-01-18,PS_GENERIC,Generic Search,Paid Search,Google Ads,6056,241,630.6,2026-01-19 06:00:00
2026-01-18,PS_COMPETITOR,Competitor Search,Paid Search,Microsoft Ads,2151,63,184.77,2026-01-19 06:00:00
2026-01-18,PAID_SOCIAL,Prospecting Social,Paid Social,Meta Ads,7512,107,178.85,2026-01-19 06:00:00
2026-01-19,PS_BRAND,Brand Search,Paid Search,Google Ads,4545,372,531.88,2026-01-20 06:00:00
2026-01-19,PS_GENERIC,Generic Search,Paid Search,Google Ads,6659,248,593.93,2026-01-20 06:00:00
2026-01-19,PS_COMPETITOR,Competitor Search,Paid Search,Microsoft Ads,3203,113,316.64,2026-01-20 06:00:00
2026-01-19,PAID_SOCIAL,Prospecting Social,Paid Social,Meta Ads,9408,143,238.08,2026-01-20 06:00:00
2026-01-20,PS_BRAND,Brand Search,Paid Search,Google Ads,4649,380,508.78,2026-01-21 06:00:00
2026-01-20,PS_GENERIC,Generic Search,Paid Search,Google Ads,7717,272,695.54,2026-01-21 06:00:00
2026-01-20,PS_COMPETITOR,Competitor Search,Paid Search,Microsoft Ads,3022,80,230.13,2026-01-21 06:00:00
2026-01-20,PAID_SOCIAL,Prospecting Social,Paid Social,Meta Ads,9552,142,226.78,2026-01-21 06:00:00
2026-01-21,PS_BRAND,Brand Search,Paid Search,Google Ads,4141,306,417.2,2026-01-22 06:00:00
2026-01-21,PS_GENERIC,Generic Search,Paid Search,Google Ads,7199,283,605.91,2026-01-22 06:00:00
2026-01-21,PS_COMPETITOR,Competitor Search,Paid Search,Microsoft Ads,2651,83,223.52,2026-01-22 06:00:00
2026-01-21,PAID_SOCIAL,Prospecting Social,Paid Social,Meta Ads,7946,113,208.48,2026-01-22 06:00:00
2026-01-22,PS_BRAND,Brand Search,Paid Search,Google Ads,4652,403,564.01,2026-01-23 06:00:00
2026-01-22,PS_GENERIC,Generic Search,Paid Search,Google Ads,6931,275,673.97,2026-01-23 06:00:00
2026-01-22,PS_COMPETITOR,Competitor Search,Paid Search,Microsoft Ads,3110,98,294.51,2026-01-23 06:00:00
2026-01-22,PAID_SOCIAL,Prospecting Social,Paid Social,Meta Ads,8537,103,159.9,2026-01-23 06:00:00
2026-01-23,PS_BRAND,Brand Search,Paid Search,Google Ads,4908,394,559.63,2026-01-24 06:00:00
2026-01-23,PS_GENERIC,Generic Search,Paid Search,Google Ads,6797,279,685.39,2026-01-24 06:00:00
2026-01-23,PS_COMPETITOR,Competitor Search,Paid Search,Microsoft Ads,3162,100,256.41,2026-01-24 06:00:00
2026-01-23,PAID_SOCIAL,Prospecting Social,Paid Social,Meta Ads,8277,116,197.78,2026-01-24 06:00:00
2026-01-24,PS_BRAND,Brand Search,Paid Search,Google Ads,3737,313,422.95,2026-01-25 06:00:00
2026-01-24,PS_GENERIC,Generic Search,Paid Search,Google Ads,5086,190,470.51,2026-01-25 06:00:00
2026-01-24,PS_COMPETITOR,Competitor Search,Paid Search,Microsoft Ads,2252,75,222.64,2026-01-25 06:00:00
2026-01-24,PAID_SOCIAL,Prospecting Social,Paid Social,Meta Ads,7234,105,180.5,2026-01-25 06:00:00
2026-01-25,PS_BRAND,Brand Search,Paid Search,Google Ads,3193,275,386.42,2026-01-26 06:00:00
2026-01-25,PS_GENERIC,Generic Search,Paid Search,Google Ads,5179,205,510.36,2026-01-26 06:00:00
2026-01-25,PS_COMPETITOR,Competitor Search,Paid Search,Microsoft Ads,2390,73,189.72,2026-01-26 06:00:00
2026-01-25,PAID_SOCIAL,Prospecting Social,Paid Social,Meta Ads,7348,109,192.14,2026-01-26 06:00:00
